{"assets/images/groceries.png":["assets/images/groceries.png"],"assets/images/queen.png":["assets/images/queen.png"],"assets/images/warning-sign.png":["assets/images/warning-sign.png"],"packages/cupertino_icons/assets/CupertinoIcons.ttf":["packages/cupertino_icons/assets/CupertinoIcons.ttf"],"packages/fluttertoast/assets/toastify.css":["packages/fluttertoast/assets/toastify.css"],"packages/fluttertoast/assets/toastify.js":["packages/fluttertoast/assets/toastify.js"],"packages/iconly/fonts/IconlyBold.ttf":["packages/iconly/fonts/IconlyBold.ttf"],"packages/iconly/fonts/IconlyBroken.ttf":["packages/iconly/fonts/IconlyBroken.ttf"],"packages/iconly/fonts/IconlyLight.ttf":["packages/iconly/fonts/IconlyLight.ttf"],"packages/syncfusion_flutter_datagrid/assets/font/FilterIcon.ttf":["packages/syncfusion_flutter_datagrid/assets/font/FilterIcon.ttf"],"packages/syncfusion_flutter_datagrid/assets/font/UnsortIcon.ttf":["packages/syncfusion_flutter_datagrid/assets/font/UnsortIcon.ttf"]}