[{"family":"MaterialIcons","fonts":[{"asset":"fonts/MaterialIcons-Regular.otf"}]},{"family":"packages/cupertino_icons/CupertinoIcons","fonts":[{"asset":"packages/cupertino_icons/assets/CupertinoIcons.ttf"}]},{"family":"packages/iconly/IconlyBold","fonts":[{"asset":"packages/iconly/fonts/IconlyBold.ttf"}]},{"family":"packages/iconly/IconlyBroken","fonts":[{"asset":"packages/iconly/fonts/IconlyBroken.ttf"}]},{"family":"packages/iconly/IconlyLight","fonts":[{"asset":"packages/iconly/fonts/IconlyLight.ttf"}]},{"family":"packages/syncfusion_flutter_datagrid/UnsortIcon","fonts":[{"asset":"packages/syncfusion_flutter_datagrid/assets/font/UnsortIcon.ttf"}]},{"family":"packages/syncfusion_flutter_datagrid/FilterIcon","fonts":[{"asset":"packages/syncfusion_flutter_datagrid/assets/font/FilterIcon.ttf"}]}]